28-01 12:00,Avalerion,Stormrage,EU,art_traits,art_ilvl,head_ilvl,head_id,head_icon,head_q,neck_ilvl,neck_id,neck_icon,neck_q,shoulder_ilvl,shoulder_id,shoulder_icon,shoulder_q,cloak_ilvl,cloak_id,cloak_icon,cloak_q,chest_ilvl,chest_id,chest_icon,chest_q,wrist_ilvl,wrist_id,wrist_icon,wrist_q,gloves_ilvl,gloves_id,gloves_icon,gloves_q,waist_ilvl,waist_id,waist_icon,waist_q,legs_ilvl,legs_id,legs_icon,legs_q,boots_ilvl,boots_id,boots_icon,boots_q,ring1_ilvl,ring1_id,ring1_icon,ring1_q,ring2_ilvl,ring2_id,ring2_icon,ring2_q,trinket1_ilvl,trinket1_id,trinket1_icon,trinket1_q,trinket2_ilvl,trinket2_id,trinket2_icon,trinket2_q,relic1_ilvl,relic1_id,relic1_icon,relic1_q,relic2_ilvl,relic2_id,relic2_icon,relic2_q,relic3_ilvl,relic3_id,relic3_icon,relic3_q,nightfallen_standing,nightfallen_value,valarjar_standing,valarjar_value,wardens_standing,wardens_value,dreamweavers_standing,dreamweavers_value,highmountain-tribe_standing,highmountain-tribe_value,court-of-farondis_standing,court-of-farondis_value,enchant_q_neck,enchant_q_cloak,enchant_q_ring1,enchant_q_ring2,missing_sockets,rep_value,role,dungeon_total,eye_of_azshara,darkheart_thicket,neltharions_lair,halls_of_valor,violet_hold,vault of the wardens,black rook hold,maw of souls,arcway,court of stars,karazhan,this_week,wq_alltime,wq_this_week,legendary_amount,achievements,mounts,exalted_reps,pets,pets_lvl25,realm,legendary_list,neck_enchant,cloak_enchant,ring1_enchant,ring2_enchant,gem_list,tier_helm_ilvl,tier_shoulder_ilvl,tier_cloak_ilvl,tier_chest_ilvl,tier_gloves_ilvl,tier_legs_ilvl,total_ap,weekly_ap,spec1_traits,spec1_ilvl,spec2_traits,spec2_ilvl,spec3_traits,spec3_ilvl,spec4_traits,spec4_ilvl,current_spec,ilvl_eq_record,main_spec
Khlcsl,Druid,1,901.38,52,916,890,140866,Nightborne Battle-Magus Hood,4,940,132444,"Prydaz, Xavaric's Magnum Opus",5,890,138336,Mantle of the Astral Warden,4,875,138366,Cloak of the Astral Warden,4,900,138324,Robe of the Astral Warden,4,895,140857,Well-Flattened Wristguards,4,890,140863,Temporally Displaced Gloves,4,940,133976,"Cinidaria, the Symbiote",5,915,138333,Leggings of the Astral Warden,4,895,142417,Moccasins of Silent Passage,4,895,140897,Ring of the Scoured Clan,4,880,139237,Dreadful Cyclopean Signet,4,895,140809,Whispers in the Dark,4,890,140792,Erratic Metronome,4,895,142514,,,890,138228,,,890,140812,,,Exalted,999,Exalted,999,Exalted,999,Exalted,999,Exalted,999,Exalted,999,2,2,2,2,0,36.0,Ranged,258,22,25,30,11,5,20,18,36,53,32,2,12,1276,39,3,16090,110,30,235,4,Stormrage,"132444_Prydaz, Xavaric's Magnum Opus|137023_Promise of Elune, the Moon Goddess|133976_Cinidaria, the Symbiote",Mark of the Claw,+200 Intellect,+200 Haste,+200 Haste,2|2,0,0,0,0,0,0,60726257,7325000,0,0,0,0,25,879.06,52,901.38,Balance,901.38,4
Funkyhouse,Warlock,2,899.31,54,912,885,134216,Bonespeaker Cowl,4,880,139332,Blackened Portalstone Necklace,4,900,140853,Chaos-Scarred Mantle,4,890,138373,Cloak of Azj'Aqir,4,885,142297,Robes of the Ancient Chronicle,4,940,132379,Sin'dorei Spite,5,880,138212,Handwraps of Delusional Power,4,940,132456,Feretory of Souls,5,890,138317,Leggings of Azj'Aqir,4,920,140885,Treads of Galactic Odyssey,4,890,142520,Ring of Ascended Glory,4,895,140897,Ring of the Scoured Clan,4,895,139114,An'she's Infusion of Light,4,875,142166,Ethereal Urn,4,880,139253,,,890,142516,,,890,140824,,,Exalted,999,Exalted,999,Exalted,999,Exalted,999,Exalted,999,Exalted,999,2,2,2,2,0,36.0,Ranged,308,37,45,34,12,3,26,17,47,26,43,14,4,2866,28,4,15680,135,30,362,65,Stormrage,"132455_Norgannon's Foresight|132456_Feretory of Souls|132375_Odr, Shawl of the Ymirjar|132379_Sin'dorei Spite",Mark of the Claw,+200 Intellect,+200 Haste,+200 Haste,3|2|2,0,0,0,0,0,0,93675086,6572500,36,881.75,54,899.31,0,0,0,0,Destruction,899.31,2
Nagasquirt,Monk,3,898.81,54,913,895,138331,Hood of Enveloped Dissonance,4,895,137311,Chain of the Green Flight,4,890,138337,Pauldrons of Enveloped Dissonance,4,895,142541,Drape of the Forgotten Souls,4,890,138325,Tunic of Enveloped Dissonance,4,880,142419,Sky-Valiant's Wristguards,4,890,142430,Gloves of Issued Challenge,4,940,133976,"Cinidaria, the Symbiote",5,890,138334,Leggings of Enveloped Dissonance,4,940,137029,Katsuo's Eclipse,5,885,137533,Ring of Minute Mirrors,4,885,139236,Grubby Silver Ring,4,890,142166,Ethereal Urn,4,890,140796,Entwined Elemental Foci,4,890,140840,,,890,143529,,,885,143825,,,Exalted,999,Exalted,999,Exalted,999,Exalted,999,Exalted,999,Exalted,999,2,2,2,2,0,36.0,Melee,592,31,158,44,20,3,31,21,135,38,98,9,6,1604,10,4,18800,106,28,156,1,Stormrage,"137029_Katsuo's Eclipse|132444_Prydaz, Xavaric's Magnum Opus|132452_Sephuz's Secret|133976_Cinidaria, the Symbiote",Mark of the Hidden Satyr,+200 Agility,+200 Mastery,+200 Mastery,2|2|2|3|2,0,0,0,0,0,0,96507642,15756250,41,893.06,35,895.19,54,898.81,0,0,Windwalker,898.81,3
Kormash,Death Knight,4,898.75,50,915,880,138355,Dreadwyrm Crown,4,880,139332,Blackened Portalstone Necklace,4,890,140883,Shoulderguard of the Eclipse,4,900,144399,Aristocrat's Winter Drape,4,890,138216,Horror Inscribed Chestguard,4,940,132365,Shackles of Bryndaor,5,895,138352,Dreadwyrm Gauntlets,4,885,139227,Waistplate of Nameless Horror,4,940,132453,Rattlegore Bone Legplates,5,895,142426,Lead-Soled Seabed Striders,4,900,137438,Band of Decaying Rubies,4,895,134532,Band of Fused Coral,4,880,138225,Phantasmal Echo,4,880,139324,Goblet of Nightmarish Ichor,4,885,139254,,,895,139268,,,895,140816,,,Exalted,999,Exalted,999,Exalted,999,Exalted,999,Exalted,999,Exalted,999,2,2,2,2,0,36.0,Tank,193,13,20,26,7,1,18,7,42,16,27,14,4,1216,17,4,18065,125,33,134,7,Stormrage,132365_Shackles of Bryndaor|132452_Sephuz's Secret|132376_Acherus Drapes|132453_Rattlegore Bone Legplates,Mark of the Hidden Satyr,+200 Strength,+200 Haste,+200 Haste,2|2|2|2|3,0,0,0,0,0,0,50728172,5367500,50,898.75,0,0,0,0,0,0,Blood,899.06,1
Katsuri,Rogue,5,898.44,54,915,890,138332,Doomblade Cowl,4,885,142428,Sea Fan Pendant,4,890,138338,Doomblade Spaulders,4,940,137021,The Dreadlord's Deceit,5,890,138326,Doomblade Tunic,4,895,142419,Sky-Valiant's Wristguards,4,890,138329,Doomblade Gauntlets,4,895,144405,Waistclasp of Unethical Power,4,890,139201,Splotched Bloodfur Leggings,4,890,140861,Grove-Tender's Moccasins,4,890,140897,Ring of the Scoured Clan,4,940,137049,Insignia of Ravenholdt,5,880,140808,Draught of Souls,4,880,142166,Ethereal Urn,4,890,139267,,,890,142512,,,890,142513,,,Exalted,999,Exalted,999,Exalted,999,Exalted,999,Exalted,999,Exalted,999,2,2,2,2,0,36.0,Melee,174,13,24,17,13,1,15,16,20,13,29,9,3,2326,56,4,20715,156,76,154,11,Stormrage,"137021_The Dreadlord's Deceit|137049_Insignia of Ravenholdt|132452_Sephuz's Secret|133976_Cinidaria, the Symbiote",Mark of the Hidden Satyr,+200 Agility,+200 Mastery,+200 Mastery,2|2|3,0,0,0,0,0,0,85349689,6422500,38,896.19,35,895.06,54,898.44,0,0,Subtlety,899.06,3
Ozinaq,Priest,6,898.31,54,919,885,134424,Collar of Enclosure,4,885,137535,Lavadrip Pendant,4,885,134432,Amice of the Unfurling Tempest,4,890,138370,Purifier's Drape,4,895,138319,Purifier's Cassock,4,940,132409,Anund's Seared Shackles,5,885,140888,Scorpid Handler's Gloves,4,895,134171,Roggthread Cord,4,895,139190,Ragged Horrorweave Leggings,4,940,132455,Norgannon's Foresight,5,895,134487,Arch-Druid's Tainted Seal,4,875,134530,Loop of Vitriolic Intent,4,885,137306,Oakheart's Gnarled Root,4,885,142507,Brinewater Slime in a Bottle,4,895,139251,,,900,137412,,,890,142512,,,Exalted,999,Exalted,999,Exalted,999,Exalted,999,Exalted,999,Exalted,999,2,2,2,2,0,36.0,Ranged,1308,63,335,120,21,1,63,39,314,75,260,13,0,3500,11,6,26030,283,80,752,229,Stormrage,"132455_Norgannon's Foresight|133973_The Twins' Painful Touch|132444_Prydaz, Xavaric's Magnum Opus|133971_Zenk'aram, Iridi's Anadem|132409_Anund's Seared Shackles|132452_Sephuz's Secret",Mark of the Hidden Satyr,+200 Intellect,+200 Haste,+200 Haste,2|2,0,0,0,0,0,0,199381484,7768750,51,896.19,54,893.56,54,898.31,0,0,Shadow,898.31,3
Gollie,Death Knight,7,898.31,54,914,940,132459,Perseverance of the Ebon Martyr,5,875,140899,Beleron's Choker of Misery,4,885,139232,Midnight Herald's Pauldrons,4,890,133771,Seacursed Wrap,4,890,142303,Chestplate of Impenetrable Darkness,4,895,142427,Calcareous Wristclamps,4,875,138352,Dreadwyrm Gauntlets,4,940,132366,Koltira's Newfound Will,5,890,139230,Storm-Battered Legplates,4,890,142426,Lead-Soled Seabed Striders,4,895,142520,Ring of Ascended Glory,4,900,134524,Band of the Wyrm Matron,4,890,137312,Nightmare Egg Shell,4,890,142508,Chains of the Valorous,4,880,139250,,,895,139251,,,895,139259,,,Exalted,999,Exalted,999,Exalted,999,Exalted,999,Exalted,999,Exalted,999,2,2,2,2,0,36.0,Melee,554,47,72,55,38,8,44,43,111,38,78,13,7,908,10,6,11875,134,16,67,0,Azuremyst,"132459_Perseverance of the Ebon Martyr|137075_Tak'theritrix's Shoulderpads|132444_Prydaz, Xavaric's Magnum Opus|132443_Aggramar's Stride|132452_Sephuz's Secret|132366_Koltira's Newfound Will",Mark of the Claw,+200 Strength,+200 Crit,+200 Crit,2|2,0,0,0,0,0,0,82069741,4050000,38,896.5,54,898.31,0,0,0,0,Frost,898.63,2
Elvenadoren,Shaman,8,897.5,43,910,895,140870,Architect's Coif of Despair,4,880,139239,Cursed Beartooth Necklace,4,895,139217,Matted Fur Pauldrons,4,890,138372,Cloak of Shackled Elements,4,880,139221,Patient Ambusher's Hauberk,4,905,142423,Bite-Resistant Wristclamps,4,895,138341,Gauntlets of Shackled Elements,4,890,144406,Vintage Duskwatch Cinch,4,895,138345,Leggings of Shackled Elements,4,880,139220,Scored Ironclaw Sabatons,4,890,138220,Mindrend Band,4,940,137050,Eye of the Twisting Nether,5,910,144259,Kil'jaeden's Burning Wish,5,895,140809,Whispers in the Dark,4,880,139262,,,880,139259,,,895,140842,,,Exalted,999,Exalted,999,Exalted,999,Exalted,999,Exalted,999,Exalted,999,2,2,2,2,0,36.0,Ranged,153,12,17,22,10,1,12,10,23,10,28,5,4,1834,26,4,22915,237,7,638,94,Stormrage,"137050_Eye of the Twisting Nether|132444_Prydaz, Xavaric's Magnum Opus|137035_The Deceiver's Blood Pact|144259_Kil'jaeden's Burning Wish",Mark of the Hidden Satyr,+200 Intellect,+200 Mastery,+200 Crit,2|2|2|2,0,0,0,0,0,0,28015798,4038750,0,0,43,897.5,21,884.75,0,0,Elemental,897.5,2
Sveberg,Mage,9,896.56,48,915,885,138312,Hood of Everburning Knowledge,4,885,139332,Blackened Portalstone Necklace,4,880,139191,Ancient Dreamwoven Mantle,4,885,142412,Windwhipped Sailcloth,4,890,142410,Robes of Celestial Adornment,4,940,132406,Marquee Bindings of the Sun King,5,890,142429,Oiled Rigger's Handwraps,4,885,134423,Poisonroot Belt,4,885,138315,Leggings of Everburning Knowledge,4,895,139195,Crimson Wool-Lined Slippers,4,940,132410,Shard of the Exodar,5,895,133637,Utgarde Royal Signet,4,880,139326,Wriggling Sinew,4,880,142166,Ethereal Urn,4,900,137375,,,880,139269,,,890,140837,,,Exalted,999,Exalted,999,Exalted,999,Exalted,999,Exalted,999,Exalted,999,2,2,2,2,0,36.0,Ranged,212,17,40,22,19,1,20,16,27,16,26,5,2,827,12,3,12120,32,15,54,0,Stormrage,132410_Shard of the Exodar|132452_Sephuz's Secret|132406_Marquee Bindings of the Sun King,Mark of the Hidden Satyr,+200 Intellect,+200 Crit,+200 Crit,2|2|3|2|2,0,0,0,0,0,0,46052487,4418750,0,0,48,896.56,0,0,0,0,Fire,896.88,2
Flyinghai,Warrior,10,896.31,54,913,895,138357,Warhelm of the Obsidian Aspect,4,895,139239,Cursed Beartooth Necklace,4,890,138363,Shoulderplates of the Obsidian Aspect,4,895,140910,Cloak of Temporal Recalibration,4,895,142431,Gleaming Val'kyr Cuirass,4,940,137107,Mannoroth's Bloodletting Manacles,5,940,137108,Kakushan's Stormscale Gauntlets,5,890,142424,Krakenbone Waistplate,4,880,139230,Storm-Battered Legplates,4,885,134504,Curserunner Soulcrushers,4,880,139237,Dreadful Cyclopean Signet,4,880,133634,Grasping Tentacle Loop,4,875,142508,Chains of the Valorous,4,875,142166,Ethereal Urn,4,890,140816,,,890,140818,,,885,137470,,,Exalted,999,Exalted,999,Exalted,999,Exalted,999,Exalted,999,Exalted,999,2,2,2,2,0,36.0,Tank,468,26,82,36,19,2,31,20,86,39,114,10,2,1352,12,4,24545,241,85,540,43,Stormrage,"132443_Aggramar's Stride|137053_Kazzalax, Fujieda's Fury|137108_Kakushan's Stormscale Gauntlets|137107_Mannoroth's Bloodletting Manacles",Mark of the Heavy Hide,+200 Strength,+200 Haste,+200 Haste,2|2|2,0,0,0,0,0,0,72676530,3121250,33,895.69,30,886.63,54,896.31,0,0,Protection,896.31,3
Alizs,Mage,11,895.94,43,915,940,132863,Darckli's Dragonfire Diadem,5,890,140899,Beleron's Choker of Misery,4,885,140853,Chaos-Scarred Mantle,4,890,142412,Windwhipped Sailcloth,4,940,133977,Belo'vir's Final Stand,5,895,133614,Frost-Stricken Cuffs,4,885,142429,Oiled Rigger's Handwraps,4,880,138217,Pliable Spider Silk Cinch,4,885,134218,Bonespeaker Leggings,4,885,139195,Crimson Wool-Lined Slippers,4,880,139236,Grubby Silver Ring,4,890,140895,Spellblade's Gemmed Signet,4,885,137485,Infernal Writ,4,875,142166,Ethereal Urn,4,890,140837,,,890,140827,,,890,140834,,,Exalted,999,Exalted,999,Exalted,999,Exalted,999,Exalted,999,Exalted,999,2,2,2,2,0,36.0,Ranged,119,8,12,9,7,3,11,8,21,8,25,7,3,712,21,2,18395,215,7,370,21,Stormrage,133977_Belo'vir's Final Stand|132863_Darckli's Dragonfire Diadem,Mark of the Hidden Satyr,+200 Intellect,+200 Crit,+200 Crit,3|2,0,0,0,0,0,0,27787028,4566250,0,0,43,895.94,0,0,0,0,Fire,895.94,2
Dolozplash,Warrior,12,895.88,54,917,875,138357,Warhelm of the Obsidian Aspect,4,885,139239,Cursed Beartooth Necklace,4,890,138363,Shoulderplates of the Obsidian Aspect,4,880,138374,Greatcloak of the Obsidian Aspect,4,875,138351,Chestplate of the Obsidian Aspect,4,885,138218,Dragonbone Wristclamps,4,940,137060,Archavon's Heavy Hand,5,905,140880,Gilded Nightborne Waistplate,4,885,140882,Chrono-Tempered Legplates,4,900,136772,Valkyra Protector Greatboots,4,860,142173,Ring of Collapsing Futures,4,940,137052,Ayala's Stone Heart,5,895,140808,Draught of Souls,4,885,139325,Spontaneous Appendages,4,895,143529,,,895,140820,,,890,142512,,,Exalted,999,Exalted,999,Exalted,999,Exalted,999,Exalted,999,Exalted,999,2,2,2,2,0,36.0,Melee,277,25,65,28,14,3,34,14,32,17,31,11,6,1824,32,5,19805,184,65,470,15,Stormrage,"137087_Naj'entus's Vertebrae|132444_Prydaz, Xavaric's Magnum Opus|143728_Timeless Stratagem|137052_Ayala's Stone Heart|137060_Archavon's Heavy Hand",Mark of the Hidden Satyr,+200 Strength,+200 Mastery,+200 Mastery,2|2|2,0,0,0,0,0,0,80047682,5590000,29,891.5,54,895.88,35,887.44,0,0,Arms,895.88,2
Maxeii,Mage,13,895.75,46,916,940,132863,Darckli's Dragonfire Diadem,5,870,134491,Understone Gorget,4,880,139192,Mantle of Perpetual Bloom,4,895,140855,Dreadlord's Tattered Wingcover,4,890,138318,Robe of Everburning Knowledge,4,895,140850,Bracers of Harnessed Flame,4,890,138309,Gloves of Everburning Knowledge,4,885,144404,Mana-Cord of Deception,4,895,138315,Leggings of Everburning Knowledge,4,910,140885,Treads of Galactic Odyssey,4,910,132452,Sephuz's Secret,5,885,134524,Band of the Wyrm Matron,4,895,140809,Whispers in the Dark,4,860,141482,Unstable Arcanocrystal,4,890,142516,,,890,140827,,,895,139256,,,Exalted,999,Exalted,999,Exalted,999,Exalted,999,Exalted,999,Exalted,999,2,2,2,2,1,36.0,Ranged,117,5,9,13,8,1,16,8,21,10,18,4,2,948,14,3,12465,120,19,330,100,Stormrage,133977_Belo'vir's Final Stand|132863_Darckli's Dragonfire Diadem|132452_Sephuz's Secret,Mark of the Hidden Satyr,+200 Intellect,+200 Crit,+200 Crit,2|2|2,0,0,0,0,0,0,42038555,4888750,0,0,46,895.75,22,878.25,0,0,Fire,895.75,2
Marks,Hunter,14,895.63,54,910,890,138342,Eagletalon Cowl,4,910,133636,"Brysngamen, Torc of Helheim",4,910,144326,The Mantle of Command,5,875,138368,Eagletalon Cloak,4,890,140875,Arcanochitin Hauberk,4,940,137101,Call of the Wild,5,895,138340,Eagletalon Gauntlets,4,895,136724,Soul-Torn Fury Cinch,4,895,138344,Eagletalon Legchains,4,885,139219,Black Venom Sabatons,4,885,139237,Dreadful Cyclopean Signet,4,880,138220,Mindrend Band,4,875,142166,Ethereal Urn,4,885,139329,Bloodthirsty Instinct,4,880,137313,,,885,140827,,,890,140816,,,Exalted,999,Exalted,999,Exalted,999,Exalted,999,Exalted,999,Exalted,999,2,2,2,2,0,36.0,Ranged,896,39,111,50,28,2,51,31,374,61,128,15,2,3267,40,6,20250,293,69,654,201,Stormrage,"137055_Zevrim's Hunger|137033_Ullr's Feather Snowshoes|132444_Prydaz, Xavaric's Magnum Opus|144326_The Mantle of Command|137101_Call of the Wild|132452_Sephuz's Secret",Mark of the Hidden Satyr,+200 Agility,+200 Mastery,+200 Mastery,2|2|2,0,0,0,0,0,0,171702334,26466250,54,895.63,54,896.31,0,0,0,0,Beast Mastery,896.56,2
Doobious,Paladin,15,895.63,54,910,880,133629,Crown of Fallen Kings,4,890,140899,Beleron's Choker of Misery,4,890,140883,Shoulderguard of the Eclipse,4,920,140855,Dreadlord's Tattered Wingcover,4,890,134501,Crackling Overcharge Chestguard,4,890,140878,Duskwatch Plate Bracers,4,885,142435,Reinforced Hound-Handler's Gauntlets,4,940,137086,Chain of Thrayn,5,890,142425,Goldrune Legplates,4,890,142426,Lead-Soled Seabed Striders,4,910,137046,"Ilterendi, Crown Jewel of Silvermoon",5,900,134542,Jeweled Signet of Melandrus,4,875,142166,Ethereal Urn,4,860,142667,Fearless Gladiator's Accolade of Dominance,4,890,142519,,,880,139263,,,885,139252,,,Exalted,999,Exalted,999,Exalted,999,Exalted,999,Exalted,999,Exalted,999,2,2,0,2,0,36.0,Heal,210,17,14,22,20,2,23,17,43,24,21,4,3,2411,36,4,21370,174,80,504,63,Stormrage,"137046_Ilterendi, Crown Jewel of Silvermoon|137086_Chain of Thrayn|137059_Tyr's Hand of Faith|137076_Obsidian Stone Spaulders",Mark of the Ancient Priestess,+200 Intellect,,+200 Crit,2|2,0,0,0,0,0,0,80082406,9736250,54,895.63,35,874.06,0,0,0,0,Holy,898.13,1
Awilda,Demon Hunter,16,895.25,35,907,890,140866,Nightborne Battle-Magus Hood,4,890,139239,Cursed Beartooth Necklace,4,900,138380,Shoulderguards of Second Sight,4,895,142412,Windwhipped Sailcloth,4,890,138376,Tunic of Second Sight,4,940,137090,Mo'arg Bionic Stabilizers,5,875,138377,Gloves of Second Sight,4,885,140858,Cake Carrier's Girdle,4,890,138379,Legwraps of Second Sight,4,890,142417,Moccasins of Silent Passage,4,910,137038,Anger of the Half-Giants,5,885,139238,Twice-Warped Azsharan Signet,4,890,142506,Eye of Guarm,4,880,139329,Bloodthirsty Instinct,4,880,139255,,,880,139269,,,885,137542,,,Exalted,999,Exalted,999,Exalted,999,Exalted,999,Exalted,999,Exalted,999,2,2,2,2,0,36.0,Melee,130,6,13,15,6,1,12,7,32,12,15,7,4,1238,16,4,22675,282,7,218,19,Stormrage,"132444_Prydaz, Xavaric's Magnum Opus|137090_Mo'arg Bionic Stabilizers|137022_Loramus Thalipedes' Sacrifice|137038_Anger of the Half-Giants",Mark of the Hidden Satyr,+200 Agility,+200 Crit,+200 Crit,2|2|2|2|3,0,0,0,0,0,0,49502745,5372500,48,895.75,35,895.25,0,0,0,0,Vengeance,896.69,1
Sheday,Paladin,17,895.06,30,908,885,139231,Crown of Steely Brambles,4,885,134488,Stabilized Energy Pendant,4,890,138362,Pauldrons of the Highlord,4,905,140909,Astromancer's Greatcloak,4,895,138216,Horror Inscribed Chestguard,4,895,140878,Duskwatch Plate Bracers,4,890,139226,Primal Gauntlets of Rage,4,890,139095,Greystone Belt,4,890,138359,Legplates of the Highlord,4,940,132443,Aggramar's Stride,5,910,132452,Sephuz's Secret,5,885,142520,Ring of Ascended Glory,4,885,139320,Ravaged Seed Pod,4,860,141482,Unstable Arcanocrystal,4,890,139258,,,880,139255,,,875,137420,,,Exalted,999,Exalted,999,Exalted,999,Exalted,999,Exalted,999,Exalted,999,2,2,2,2,0,36.0,Melee,393,21,46,40,20,4,66,24,43,42,74,11,0,1179,15,4,26720,332,70,688,231,Stormrage,"137048_Liadrin's Fury Unleashed|140846_Aegisjalmur, the Armguards of Awe|132452_Sephuz's Secret|132443_Aggramar's Stride",Mark of the Hidden Satyr,+200 Strength,+200 Versatility,+200 Haste,2|2|2|2,0,0,0,0,0,0,64401704,2401250,27,884.38,30,895.06,52,899.31,0,0,Protection,899.31,3
Zamir,Shaman,18,894.13,46,913,885,137516,Collar of Blindsight,4,875,137311,Chain of the Green Flight,4,900,138348,Pauldrons of Shackled Elements,4,880,138221,Gossamer-Spun Greatcloak,4,890,139221,Patient Ambusher's Hauberk,4,910,137104,Nobundo's Redemption,5,885,138214,Gauntlets of the Demented Mind,4,895,142420,Anchor Chain Waistguard,4,905,138345,Leggings of Shackled Elements,4,940,137036,Elemental Rebalancers,5,880,134527,Loop of Eightfold Eyes,4,885,138220,Mindrend Band,4,860,142162,Fluctuating Energy,4,890,140803,Etraeus' Celestial Map,4,885,139263,,,890,142515,,,890,137327,,,Exalted,999,Exalted,999,Exalted,999,Exalted,999,Exalted,999,Exalted,999,2,2,2,2,0,36.0,Heal,131,11,13,13,8,1,14,5,24,8,25,6,2,1442,23,3,16265,115,20,117,0,Stormrage,137036_Elemental Rebalancers|137085_Intact Nazjatar Molting|137104_Nobundo's Redemption,Mark of the Heavy Soldier,+200 Intellect,+200 Mastery,+200 Mastery,2|3,0,0,0,0,0,0,42020155,4065000,0,0,35,893.63,46,894.13,0,0,Restoration,894.13,3
Sagart,Priest,19,894.0,47,912,880,142150,Hood of Uncanny Perspectives,4,885,139239,Cursed Beartooth Necklace,4,870,137360,Shoulderpads of Crashing Waves,4,895,142521,Drape of the Unworthy,4,890,138319,Purifier's Cassock,4,890,139187,Clasp of Cosmic Insignificance,4,885,140888,Scorpid Handler's Gloves,4,940,133800,"Cord of Maiev, Priestess of the Moon",5,875,138316,Purifier's Leggings,4,940,132455,Norgannon's Foresight,5,880,137532,Seal of Saltheril,4,890,140896,Ring of Braided Stems,4,880,139322,Cocoon of Enforced Solitude,4,880,140803,Etraeus' Celestial Map,4,890,139252,,,880,143531,,,890,142519,,,Exalted,999,Exalted,999,Exalted,999,Exalted,999,Exalted,999,Exalted,999,2,2,2,2,0,36.0,Heal,207,22,45,15,16,3,22,26,27,6,14,8,8,612,36,2,16305,130,20,197,11,Stormrage,"132455_Norgannon's Foresight|133800_Cord of Maiev, Priestess of the Moon",Mark of the Claw,+200 Intellect,+200 Haste,+200 Haste,2|2|3,0,0,0,0,0,0,44206650,7157500,47,894.0,0,0,0,0,0,0,Discipline,894.31,1
Pluffyhunt,Hunter,20,893.63,36,914,885,139214,Greyed Dragonscale Coif,4,870,137418,Erratically Ticking Talisman,4,885,139217,Matted Fur Pauldrons,4,905,140910,Cloak of Temporal Recalibration,4,890,142433,Corroded Val'kyr Chainmail,4,940,141353,Magnetized Blasting Cap Launcher,5,880,137348,Gauntlets of Innumerable Barbs,4,940,137081,War Belt of the Sentinel Army,5,880,139215,Singular Chain Leggings,4,895,140867,Sabatons of Burning Steps,4,880,139237,Dreadful Cyclopean Signet,4,870,134487,Arch-Druid's Tainted Seal,4,870,137367,Stormsinger Fulmination Charge,4,880,139329,Bloodthirsty Instinct,4,900,137313,,,885,139260,,,885,137307,,,Revered,6050,Revered,15235,Revered,4650,Revered,1910,Revered,13252,Revered,4450,2,2,2,2,0,26.1689047619,Ranged,105,7,11,25,3,1,5,19,11,7,11,5,10,411,29,2,15490,113,5,93,1,Azuremyst,137081_War Belt of the Sentinel Army|141353_Magnetized Blasting Cap Launcher,Mark of the Hidden Satyr,+200 Agility,+200 Mastery,+200 Mastery,2|2|2,0,0,0,0,0,0,14591589,3608675,26,886.13,36,893.63,0,0,0,0,Marksmanship,894.56,2
Zandare,Warlock,21,893.44,54,915,885,139188,Celestially Aligned Hood,4,940,132444,"Prydaz, Xavaric's Magnum Opus",5,885,138323,Pauldrons of Azj'Aqir,4,875,138373,Cloak of Azj'Aqir,4,880,138320,Finery of Azj'Aqir,4,890,142415,Helhound Hair Bracers,4,885,134422,Satin Throatclutchers,4,940,132456,Feretory of Souls,5,875,138317,Leggings of Azj'Aqir,4,890,139194,Cozy Dryad Hoof-Socks,4,900,134540,Ring of Twisted Webbing,4,870,142173,Ring of Collapsing Futures,4,865,141482,Unstable Arcanocrystal,4,885,142166,Ethereal Urn,4,890,143525,,,890,140837,,,890,140825,,,Exalted,999,Exalted,999,Exalted,999,Exalted,999,Exalted,999,Exalted,999,2,2,2,2,0,36.0,Ranged,332,22,27,29,23,3,48,17,36,37,75,10,5,2281,37,3,12250,55,38,68,0,Stormrage,"132444_Prydaz, Xavaric's Magnum Opus|132460_Alythess's Pyrogenics|132456_Feretory of Souls",Mark of the Claw,+200 Intellect,+200 Crit,+200 Crit,2|3|2|2,0,0,0,0,0,0,78268710,7751250,0,0,54,893.44,37,892.31,0,0,Destruction,893.44,2
Ancai,Mage,22,892.88,42,913,885,134260,Seawitch Hood,4,940,132444,"Prydaz, Xavaric's Magnum Opus",5,885,139191,Ancient Dreamwoven Mantle,4,890,140855,Dreadlord's Tattered Wingcover,4,885,139246,Ravencourt Formal Robes,4,890,140886,Woven Lasher Tendril Bracers,4,885,140888,Scorpid Handler's Gloves,4,880,138217,Pliable Spider Silk Cinch,4,890,134394,Netherwhisper Leggings,4,895,140914,Outcast Wanderer's Footrags,4,880,139236,Grubby Silver Ring,4,910,132410,Shard of the Exodar,5,875,142166,Ethereal Urn,4,870,140792,Erratic Metronome,4,880,139269,,,890,140833,,,895,142514,,,Exalted,999,Exalted,999,Exalted,999,Exalted,999,Exalted,999,Exalted,305,2,2,2,2,0,35.3053053053,Ranged,137,16,31,13,6,0,11,7,19,8,16,8,2,675,30,4,11415,68,13,78,1,Stormrage,"133977_Belo'vir's Final Stand|132444_Prydaz, Xavaric's Magnum Opus|132455_Norgannon's Foresight|132410_Shard of the Exodar",Mark of the Hidden Satyr,+200 Intellect,+200 Crit,+200 Crit,3|2|2|2,0,0,0,0,0,0,25008636,4756550,42,892.88,30,892.19,11,893.19,0,0,Arcane,895.69,1
Vnv,Rogue,23,892.13,35,907,875,138332,Doomblade Cowl,4,885,139239,Cursed Beartooth Necklace,4,875,138338,Doomblade Spaulders,4,890,138371,Doomblade Shadowwrap,4,895,142203,Harness of Smoldering Betrayal,4,910,137098,Zoldyck Family Training Shackles,5,890,140905,Gloves of Synchronus Elements,4,895,140919,High Shadow Councilor's Wrap,4,875,138335,Doomblade Pants,4,940,137030,Duskwalker's Footpads,5,890,140895,Spellblade's Gemmed Signet,4,885,139236,Grubby Silver Ring,4,875,142166,Ethereal Urn,4,880,139329,Bloodthirsty Instinct,4,880,143525,,,885,137377,,,880,139267,,,Revered,1870,Exalted,999,Revered,16550,Revered,4895,Exalted,977,Revered,13660,2,2,2,2,0,29.7386922637,Melee,229,28,29,23,17,1,33,23,24,17,22,10,3,311,3,2,9715,44,3,96,5,Stormrage,137098_Zoldyck Family Training Shackles|137030_Duskwalker's Footpads,Mark of the Hidden Satyr,+200 Agility,+200 Mastery,+200 Mastery,2|2|2,0,0,0,0,0,0,27438819,1700000,38,892.13,28,887.69,35,892.13,0,0,Subtlety,892.13,1
Gingerbraid,Paladin,24,891.63,54,913,885,139231,Crown of Steely Brambles,4,880,134529,Chain of Scorched Bones,4,880,139232,Midnight Herald's Pauldrons,4,890,138369,Greatmantle of the Highlord,4,895,138216,Horror Inscribed Chestguard,4,880,139235,Wristclamps of Mad Dreams,4,885,139226,Primal Gauntlets of Rage,4,895,140892,Goresmeared Abyssal Waistplate,4,890,138359,Legplates of the Highlord,4,890,142426,Lead-Soled Seabed Striders,4,875,142520,Ring of Ascended Glory,4,940,137048,Liadrin's Fury Unleashed,5,845,137539,Faulty Countermeasure,4,910,144259,Kil'jaeden's Burning Wish,5,880,136717,,,895,139266,,,890,142519,,,Exalted,999,Exalted,999,Exalted,999,Exalted,999,Exalted,999,Exalted,999,2,2,2,2,0,36.0,Melee,288,24,18,26,21,6,47,28,36,26,36,11,1,2496,29,4,6345,59,22,118,0,Stormrage,132443_Aggramar's Stride|144259_Kil'jaeden's Burning Wish|132452_Sephuz's Secret|137048_Liadrin's Fury Unleashed,Mark of the Hidden Satyr,+200 Strength,+200 Haste,+200 Haste,3|2|2|2,0,0,0,0,0,0,79969108,3533750,0,0,35,890.63,54,891.63,0,0,Retribution,891.63,3
Niénór,Paladin,25,891.44,41,919,890,140881,Eventide Casque,4,860,142174,Choker of Barbed Reins,4,895,140883,Shoulderguard of the Eclipse,4,890,142412,Windwhipped Sailcloth,4,875,138350,Breastplate of the Highlord,4,890,140893,Eternally Recurring Bracers,4,890,142435,Reinforced Hound-Handler's Gauntlets,4,880,139228,Eon-Tempered Waistplate,4,890,138359,Legplates of the Highlord,4,910,132443,Aggramar's Stride,5,875,137438,Band of Decaying Rubies,4,880,139236,Grubby Silver Ring,4,940,144258,Velen's Future Sight,5,860,141482,Unstable Arcanocrystal,4,890,139252,,,905,140839,,,890,142519,,,Exalted,999,Revered,17922,Revered,16520,Revered,12002,Revered,20655,Exalted,999,2,2,2,2,0,31.1951904762,Heal,53,3,5,7,5,2,2,6,13,3,4,1,0,393,8,2,19425,213,67,193,4,Stormrage,132443_Aggramar's Stride|144258_Velen's Future Sight,Mark of the Heavy Soldier,+200 Intellect,+200 Crit,+200 Crit,1,0,0,0,0,0,0,21931274,1196250,41,891.44,24,871.5,0,0,0,0,Holy,891.44,1
Noldorimbor,Druid,26,886.69,35,891,880,142142,Unbound Reality Mask,4,865,137536,Pendant of the Watchful Eye,4,880,139958,Inferno's March Shoulderpads,4,890,140909,Astromancer's Greatcloak,4,890,142432,Helbeast Skin Tunic,4,940,137095,"Edraith, Bonds of Aglaya",5,880,139202,Dreamsculptor's Gloves,4,880,139198,Forest-Lord's Waistwrap,4,880,134460,Fevermelt Legguards,4,890,142417,Moccasins of Silent Passage,4,890,142520,Ring of Ascended Glory,4,910,132452,Sephuz's Secret,5,880,139323,Twisting Wind,4,850,139321,Swarming Plaguehive,4,855,143699,,,855,140078,,,875,143523,,,Exalted,999,Exalted,999,Exalted,999,Exalted,999,Exalted,999,Exalted,999,2,0,2,2,1,36.0,Heal,105,9,9,14,9,1,16,7,13,10,9,5,0,1568,15,4,26470,305,82,763,710,Stormrage,"137026_Essence of Infusion|137015_Ekowraith, Creator of Worlds|132452_Sephuz's Secret|137095_Edraith, Bonds of Aglaya",Mark of the Heavy Soldier,,+200 Haste,+200 Haste,2,0,0,0,0,0,0,37540658,3348750,0,0,0,0,44,890.63,35,886.69,Balance,891.56,3
